student_id,first_name,total_course_enrolled,courses_completed,avg_progress_in_percent,last_login,churn_signal,total_reviews,avg_rating_given,total_orders,total_spent,successful_payment_amount,subscription_plan,subscription_status
471,Aarushi,3,0,16.72,"2025-11-01 09:44:35",normal,3,3.33,3,13997.60,9198.40,"Premium Plan",expired
49,Aarushi,1,0,89.48,"2025-01-16 05:28:59",at_risk,1,2.00,1,3199.20,3199.20,"Premium Plan",active
366,Aarushi,1,0,44.84,"2025-04-28 11:20:12",at_risk,1,10.00,1,2849.05,0.00,"Basic Plan",active
25,Aarushi,1,0,78.52,"2025-12-26 19:57:33",high,1,3.00,1,3599.20,3599.20,"Premium Plan",active
220,Aarushi,1,0,29.44,"2025-01-07 20:32:38",at_risk,1,10.00,1,3799.05,0.00,"Basic Plan",expired
77,Aarushi,1,0,6.36,"2025-04-18 05:49:15",at_risk,1,1.00,1,6299.10,0.00,"Pro Plan",active
342,Aarushi,1,0,80.68,"2025-02-22 15:27:22",at_risk,1,4.00,1,3799.05,3799.05,"Basic Plan",expired
415,Aarushi,1,0,52.31,"2025-05-16 05:44:18",at_risk,1,1.00,1,4499.10,4499.10,"Pro Plan",expired
433,Aarushi,1,0,68.47,"2025-06-22 12:13:55",normal,1,1.00,1,2969.10,2969.10,"Pro Plan",active
56,Aarushi,1,0,82.87,"2025-01-26 22:06:13",at_risk,1,10.00,1,6649.05,0.00,"Basic Plan",expired
349,Aarushi,1,0,85.84,"2025-10-09 15:54:28",normal,1,5.00,1,2374.05,2374.05,"Basic Plan",active
120,Aarushi,1,0,51.88,"2025-05-19 03:26:32",at_risk,1,9.00,1,3609.05,3609.05,"Basic Plan",expired
1,Aarushi,1,0,37.45,"2025-07-08 17:05:14",normal,1,7.00,1,5399.10,0.00,"Pro Plan",expired
328,Aditi,1,0,31.90,"2025-06-15 04:54:07",at_risk,1,7.00,1,3599.10,3599.10,"Pro Plan",expired
288,Aditi,1,0,75.78,"2025-07-23 11:12:49",normal,1,5.00,1,3199.20,0.00,"Premium Plan",expired
164,Aditi,1,0,24.19,"2025-11-24 22:44:42",high,1,10.00,1,2849.05,2849.05,"Basic Plan",expired
136,Aditi,1,0,24.21,"2025-12-05 21:52:37",high,1,8.00,1,2399.20,0.00,"Premium Plan",expired
406,Aditi,1,0,58.34,"2025-02-07 16:59:39",at_risk,1,4.00,1,7599.05,0.00,"Basic Plan",expired
493,Aditi,1,0,15.19,"2025-11-15 13:46:37",high,1,4.00,1,4749.05,4749.05,"Basic Plan",active
140,Aditi,1,0,53.58,"2025-10-16 13:08:36",normal,1,10.00,1,4799.20,0.00,"Premium Plan",active
54,Aditi,1,0,38.87,"2025-03-07 08:52:02",at_risk,1,4.00,1,3599.10,0.00,"Pro Plan",expired
364,Aditi,1,0,57.34,"2025-06-21 22:13:41",normal,1,8.00,1,3324.05,3324.05,"Basic Plan",active
11,Aditi,1,0,96.99,"2025-11-06 13:16:37",normal,1,9.00,1,6399.20,6399.20,"Premium Plan",active
331,Aditi,1,0,81.45,"2025-01-03 07:27:24",at_risk,1,8.00,1,3999.20,3999.20,"Premium Plan",active
465,Aditi,1,0,55.19,"2025-03-03 03:28:13",at_risk,1,2.00,1,4559.05,0.00,"Basic Plan",active
222,Aditi,3,0,44.58,"2025-01-22 12:04:33",at_risk,3,4.33,3,14057.15,3609.05,"Basic Plan",active
217,Aditya,1,0,42.82,"2025-07-19 22:57:07",normal,1,2.00,1,1899.05,0.00,"Basic Plan",expired
237,Aditya,1,0,91.32,"2026-01-02 00:35:10",high,1,10.00,1,5599.20,0.00,"Premium Plan",active
29,Aditya,3,0,27.48,"2025-09-18 02:30:02",normal,3,8.33,3,16647.30,7199.10,"Pro Plan",expired
455,Aditya,1,0,55.54,"2025-12-30 23:58:38",high,1,10.00,1,4399.20,0.00,"Premium Plan",active
131,Aditya,1,0,90.83,"2025-06-12 21:25:50",at_risk,1,5.00,1,3419.10,3419.10,"Pro Plan",expired
241,Aditya,1,0,65.00,"2025-09-27 20:04:13",normal,1,10.00,1,2969.10,2969.10,"Pro Plan",active
458,Aditya,3,0,51.58,"2025-04-27 08:14:17",at_risk,3,4.33,3,11917.60,5599.20,"Premium Plan",expired
323,Aditya,1,0,90.54,"2025-11-04 10:22:50",normal,1,5.00,1,7599.05,7599.05,"Basic Plan",expired
19,Amit,1,0,29.12,"2025-02-05 17:36:29",at_risk,1,8.00,1,3599.10,0.00,"Pro Plan",active
231,Amit,2,0,69.79,"2025-11-11 15:39:25",normal,2,8.00,2,3998.40,0.00,"Premium Plan",active
498,Amit,1,0,17.23,"2025-03-24 04:34:33",at_risk,1,10.00,1,4799.20,4799.20,"Premium Plan",active
423,Amit,1,0,28.10,"2025-01-18 02:29:09",at_risk,1,9.00,1,1999.20,0.00,"Premium Plan",expired
249,Amit,1,0,28.65,"2025-12-22 07:24:40",high,1,3.00,1,5849.10,0.00,"Pro Plan",expired
330,Amit,1,0,2.33,"2025-04-02 03:30:25",at_risk,1,2.00,1,4274.05,0.00,"Basic Plan",active
174,Amit,1,0,89.86,"2025-03-09 23:53:36",at_risk,1,5.00,1,4399.20,4399.20,"Premium Plan",active
188,Amit,1,0,74.65,"2025-02-25 19:39:54",at_risk,1,6.00,1,4049.10,4049.10,"Pro Plan",expired
24,Amit,1,0,45.61,"2025-01-31 09:21:49",at_risk,1,6.00,1,2969.10,0.00,"Pro Plan",active
481,Ananya,1,0,92.66,"2025-12-28 17:02:03",high,1,7.00,1,3599.10,0.00,"Pro Plan",active
160,Ananya,2,0,45.90,"2025-12-12 01:44:00",high,2,8.50,2,9438.40,9438.40,"Premium Plan",active
386,Ananya,1,0,8.48,"2025-11-28 15:07:46",high,1,1.00,1,5224.05,5224.05,"Basic Plan",active
378,Ananya,1,0,61.82,"2025-03-16 10:35:35",at_risk,1,3.00,1,3799.05,0.00,"Basic Plan",active
432,Ananya,1,0,81.38,"2025-10-09 09:08:21",normal,1,8.00,1,5399.10,5399.10,"Pro Plan",expired
109,Anjali,1,0,31.80,"2025-12-21 13:23:31",high,1,5.00,1,4749.05,0.00,"Basic Plan",expired
492,Anjali,1,0,12.80,"2025-07-06 21:27:49",normal,1,9.00,1,3609.05,0.00,"Basic Plan",expired
180,Anjali,1,0,16.08,"2025-03-18 05:19:45",at_risk,1,7.00,1,4499.10,0.00,"Pro Plan",active
486,Anjali,1,0,49.26,"2025-01-26 17:28:03",at_risk,1,4.00,1,2969.10,2969.10,"Pro Plan",active
212,Anjali,1,0,95.39,"2025-11-22 22:55:01",high,1,7.00,1,2699.10,0.00,"Pro Plan",active
448,Anjali,1,0,96.99,"2025-03-30 07:47:13",at_risk,1,9.00,1,2969.10,0.00,"Pro Plan",active
294,Arjun,1,0,70.37,"2025-10-29 06:26:46",normal,1,8.00,1,2639.20,2639.20,"Premium Plan",active
463,Arjun,1,0,11.36,"2025-07-31 01:41:53",normal,1,3.00,1,6299.10,0.00,"Pro Plan",active
70,Arjun,1,0,77.13,"2025-09-18 01:48:27",normal,1,1.00,1,5699.05,5699.05,"Basic Plan",expired
183,Arjun,1,0,65.20,"2025-10-18 04:25:38",normal,1,1.00,1,2799.20,0.00,"Premium Plan",active
240,Arjun,1,0,79.83,"2025-02-11 22:59:46",at_risk,1,1.00,1,2374.05,2374.05,"Basic Plan",expired
358,Arjun,1,0,1.08,"2025-08-22 14:38:09",normal,1,10.00,1,4399.20,0.00,"Premium Plan",active
228,Arjun,1,0,61.50,"2025-02-11 18:38:05",at_risk,1,5.00,1,4274.05,0.00,"Basic Plan",active
322,Arjun,1,0,96.12,"2025-03-11 16:02:22",at_risk,1,5.00,1,5599.20,0.00,"Premium Plan",expired
442,Arjun,1,0,37.65,"2025-03-18 09:29:20",at_risk,1,6.00,1,3599.10,0.00,"Pro Plan",active
52,Arjun,3,0,10.99,"2025-12-31 02:28:09",high,3,6.00,3,11397.15,0.00,"Basic Plan",expired
216,Arjun,1,0,92.83,"2025-01-13 13:11:37",at_risk,1,8.00,1,3199.20,3199.20,"Premium Plan",expired
229,Arjun,1,0,99.01,"2025-09-22 21:52:47",normal,1,8.00,1,3999.20,3999.20,"Premium Plan",expired
99,Arjun,1,0,28.98,"2025-07-04 10:07:44",normal,1,8.00,1,1799.10,1799.10,"Pro Plan",active
283,Arjun,1,0,55.44,"2025-06-26 00:30:13",normal,1,1.00,1,4499.10,4499.10,"Pro Plan",expired
308,Arnav,1,0,65.87,"2025-01-23 14:12:34",at_risk,1,1.00,1,3599.10,0.00,"Pro Plan",active
92,Arnav,1,0,3.14,"2025-12-09 01:06:14",high,1,2.00,1,2969.10,0.00,"Pro Plan",active
65,Arnav,1,0,19.87,"2025-07-09 11:40:48",normal,1,4.00,1,2399.20,0.00,"Premium Plan",expired
429,Arnav,4,0,68.41,"2025-12-26 13:30:19",high,4,5.00,4,17816.40,6299.10,"Pro Plan",active
296,Arnav,1,0,9.78,"2025-04-12 23:34:10",at_risk,1,3.00,1,3679.20,3679.20,"Premium Plan",expired
143,Arnav,1,0,32.08,"2025-06-11 00:20:35",at_risk,1,7.00,1,3324.05,0.00,"Basic Plan",active
269,Arnav,1,0,27.08,"2025-07-09 09:40:05",normal,1,4.00,1,3609.05,0.00,"Basic Plan",active
300,Arnav,1,0,39.85,"2025-07-12 02:49:41",normal,1,3.00,1,5849.10,5849.10,"Pro Plan",active
314,Arnav,1,0,94.02,"2025-09-02 11:30:49",normal,1,1.00,1,3799.05,3799.05,"Basic Plan",expired
405,Arnav,1,0,74.60,"2025-10-20 18:15:59",normal,1,3.00,1,2399.20,0.00,"Premium Plan",active
238,Arnav,1,0,51.13,"2025-05-28 15:35:39",at_risk,1,9.00,1,3679.20,3679.20,"Premium Plan",active
367,Arnav,1,0,29.32,"2025-05-10 00:47:04",at_risk,1,5.00,1,3199.20,3199.20,"Premium Plan",expired
16,Avantika,1,0,30.42,"2025-12-01 04:00:44",high,1,3.00,1,4949.10,0.00,"Pro Plan",expired
419,Avantika,1,0,62.76,"2025-10-20 00:31:53",normal,1,9.00,1,6299.10,0.00,"Pro Plan",expired
363,Avantika,1,0,95.06,"2025-06-29 05:19:10",normal,1,9.00,1,1999.20,0.00,"Premium Plan",active
156,Avantika,1,0,34.11,"2025-06-09 03:22:33",at_risk,1,9.00,1,4499.10,4499.10,"Pro Plan",expired
135,Avantika,1,0,98.57,"2025-06-10 13:37:05",at_risk,1,10.00,1,1799.10,1799.10,"Pro Plan",active
280,Avantika,1,0,27.99,"2025-02-02 21:42:09",at_risk,1,10.00,1,5849.10,5849.10,"Pro Plan",active
312,Avantika,1,0,2.65,"2025-07-10 12:52:04",normal,1,4.00,1,3324.05,3324.05,"Basic Plan",expired
272,Avantika,1,0,2.54,"2025-11-01 12:38:17",normal,1,3.00,1,5199.20,5199.20,"Premium Plan",active
116,Avantika,1,0,11.99,"2025-05-21 13:49:26",at_risk,1,6.00,1,2799.20,0.00,"Premium Plan",active
35,Avantika,1,0,9.77,"2025-05-10 13:25:40",at_risk,1,10.00,1,3599.10,0.00,"Pro Plan",active
459,Avantika,4,0,47.95,"2025-08-22 02:49:46",normal,4,6.75,4,12156.20,9307.15,"Basic Plan",active
57,Avantika,1,0,35.68,"2025-07-30 07:11:17",normal,1,9.00,1,6649.05,0.00,"Basic Plan",active
177,Avantika,1,0,10.15,"2025-11-06 22:32:32",normal,1,6.00,1,5849.10,0.00,"Pro Plan",expired
257,Ayesha,2,0,49.29,"2025-09-15 18:39:40",normal,2,10.00,2,8073.10,6174.05,"Basic Plan",expired
268,Ayesha,1,0,79.52,"2025-01-08 19:41:58",at_risk,1,4.00,1,4319.10,4319.10,"Pro Plan",active
101,Ayesha,1,0,92.97,"2025-04-04 17:20:37",at_risk,1,8.00,1,3839.20,0.00,"Premium Plan",active
80,Ayesha,1,0,72.96,"2025-03-11 00:54:42",at_risk,1,1.00,1,2249.10,2249.10,"Pro Plan",expired
121,Ayesha,4,0,75.02,"2025-10-29 23:15:29",normal,4,6.00,4,14666.40,11697.30,"Pro Plan",expired
157,Ayesha,1,0,11.35,"2025-09-21 03:25:44",normal,1,5.00,1,3799.05,3799.05,"Basic Plan",expired
310,Ayesha,1,0,7.06,"2025-12-25 23:15:04",high,1,5.00,1,6649.05,0.00,"Basic Plan",expired
351,Ayesha,1,0,75.09,"2025-03-08 13:27:32",at_risk,1,5.00,1,1799.10,1799.10,"Pro Plan",active
126,Ayesha,1,0,3.69,"2025-07-24 09:23:55",normal,1,4.00,1,6299.10,6299.10,"Pro Plan",active
59,Ayesha,1,0,54.27,"2025-02-03 09:54:36",at_risk,1,3.00,1,2399.20,0.00,"Premium Plan",expired
33,Ayesha,1,0,80.84,"2025-07-24 14:03:24",normal,1,10.00,1,2399.20,0.00,"Premium Plan",active
153,Ayesha,1,0,38.67,"2025-07-04 12:17:24",normal,1,10.00,1,3039.20,3039.20,"Premium Plan",expired
195,Devansh,1,0,26.52,"2025-07-15 20:53:54",normal,1,9.00,1,2249.10,0.00,"Pro Plan",active
403,Devansh,1,0,11.75,"2025-06-09 17:41:11",at_risk,1,6.00,1,1899.05,0.00,"Basic Plan",expired
453,Devansh,1,0,99.97,"2025-11-27 05:18:31",high,1,2.00,1,2849.05,0.00,"Basic Plan",active
30,Devansh,1,0,6.51,"2025-02-07 08:44:26",at_risk,1,10.00,1,3599.10,0.00,"Pro Plan",active
377,Devansh,1,0,76.15,"2025-07-09 00:28:48",normal,1,7.00,1,3609.05,0.00,"Basic Plan",active
347,Devansh,1,0,34.08,"2025-01-16 12:07:00",at_risk,1,10.00,1,4399.20,4399.20,"Premium Plan",expired
236,Devansh,4,0,69.51,"2025-05-07 22:21:28",at_risk,4,6.00,4,19436.40,7918.20,"Pro Plan",active
247,Devansh,1,0,46.56,"2025-02-10 00:49:38",at_risk,1,3.00,1,5699.05,0.00,"Basic Plan",active
369,Devansh,1,0,67.25,"2025-01-27 07:07:07",at_risk,1,4.00,1,4559.05,0.00,"Basic Plan",expired
365,Divya,1,0,63.18,"2025-07-21 16:33:55",normal,1,6.00,1,5199.20,0.00,"Premium Plan",active
100,Divya,1,0,16.12,"2025-07-12 18:19:16",normal,1,10.00,1,2374.05,2374.05,"Basic Plan",expired
261,Divya,1,0,53.14,"2025-03-27 13:36:26",at_risk,1,3.00,1,2249.10,2249.10,"Pro Plan",active
301,Divya,1,0,61.59,"2025-04-15 06:02:51",at_risk,1,4.00,1,4399.20,4399.20,"Premium Plan",expired
67,Divya,1,0,81.55,"2025-06-07 18:41:22",at_risk,1,8.00,1,6174.05,0.00,"Basic Plan",expired
36,Divya,1,0,68.42,"2025-04-03 14:50:04",at_risk,1,8.00,1,1799.10,1799.10,"Pro Plan",active
457,Divya,1,0,94.48,"2025-06-14 01:14:16",at_risk,1,6.00,1,6649.05,0.00,"Basic Plan",expired
86,Esha,3,0,69.77,"2025-06-01 00:04:52",at_risk,3,9.00,3,9782.15,0.00,"Basic Plan",expired
359,Esha,1,0,90.54,"2025-12-15 22:12:14",high,1,5.00,1,7199.10,0.00,"Pro Plan",expired
91,Esha,1,0,10.79,"2025-07-07 02:28:07",normal,1,10.00,1,3679.20,3679.20,"Premium Plan",active
427,Esha,1,0,62.01,"2025-02-26 11:13:41",at_risk,1,5.00,1,3324.05,0.00,"Basic Plan",expired
368,Esha,1,0,32.87,"2025-10-13 06:22:35",normal,1,9.00,1,1899.05,0.00,"Basic Plan",expired
407,Esha,1,0,96.22,"2025-04-30 14:40:40",at_risk,1,5.00,1,3799.05,0.00,"Basic Plan",active
292,Esha,1,0,4.07,"2025-01-02 20:38:09",at_risk,1,5.00,1,1999.20,1999.20,"Premium Plan",expired
452,Esha,1,0,81.29,"2025-09-11 19:16:11",normal,1,5.00,1,6399.20,6399.20,"Premium Plan",expired
437,Esha,1,0,94.98,"2025-02-10 15:36:47",at_risk,1,8.00,1,7199.10,7199.10,"Pro Plan",active
480,Harsh,4,0,64.53,"2025-12-15 06:35:35",high,4,5.00,4,16466.40,10167.30,"Pro Plan",expired
58,Harsh,1,0,28.09,"2025-08-10 23:44:18",normal,1,5.00,1,4049.10,4049.10,"Pro Plan",active
149,Harsh,1,0,51.21,"2025-08-29 07:25:27",normal,1,10.00,1,3199.20,3199.20,"Premium Plan",active
443,Harsh,1,0,81.06,"2025-04-30 11:29:48",at_risk,1,5.00,1,1999.20,0.00,"Premium Plan",expired
103,Harsh,1,0,63.34,"2025-09-22 13:41:50",normal,1,2.00,1,4399.20,4399.20,"Premium Plan",active
340,Harsh,1,0,17.74,"2025-05-13 20:02:21",at_risk,1,10.00,1,5224.05,0.00,"Basic Plan",active
484,Harsh,1,0,45.91,"2025-09-19 07:06:54",normal,1,3.00,1,3999.20,3999.20,"Premium Plan",active
374,Harsh,1,0,44.15,"2025-11-07 05:27:19",normal,1,3.00,1,2249.10,2249.10,"Pro Plan",active
64,Harsh,1,0,77.22,"2025-12-02 14:17:20",high,1,8.00,1,2799.20,2799.20,"Premium Plan",active
379,Isha,1,0,10.11,"2025-06-08 18:04:18",at_risk,1,4.00,1,2249.10,2249.10,"Pro Plan",active
128,Isha,1,0,50.27,"2025-07-23 04:06:56",normal,1,7.00,1,1999.20,1999.20,"Premium Plan",expired
279,Isha,1,0,66.02,"2025-12-12 09:15:44",high,1,8.00,1,4049.10,4049.10,"Pro Plan",active
130,Isha,1,0,27.86,"2025-03-17 21:25:12",at_risk,1,8.00,1,2399.20,2399.20,"Premium Plan",expired
335,Isha,1,0,62.89,"2025-04-16 16:23:54",at_risk,1,2.00,1,3599.10,3599.10,"Pro Plan",active
500,Ishaan,1,0,4.09,"2025-06-18 11:14:35",normal,1,5.00,1,5699.05,5699.05,"Basic Plan",expired
171,Ishaan,1,0,64.20,"2025-09-05 10:18:40",normal,1,9.00,1,4949.10,0.00,"Pro Plan",active
375,Ishaan,3,0,45.19,"2025-07-24 11:27:24",normal,3,8.00,3,15197.15,12823.10,"Basic Plan",expired
327,Ishaan,1,0,7.12,"2025-12-03 02:46:45",high,1,3.00,1,3799.05,3799.05,"Basic Plan",active
190,Ishaan,1,0,84.92,"2025-06-16 15:23:21",normal,1,4.00,1,4799.20,4799.20,"Premium Plan",active
376,Ishaan,1,0,14.30,"2025-05-23 08:10:41",at_risk,1,2.00,1,4274.05,4274.05,"Basic Plan",active
191,Kabir,1,0,65.76,"2025-03-15 08:40:49",at_risk,1,7.00,1,2249.10,2249.10,"Pro Plan",active
470,Kabir,1,0,21.30,"2025-09-21 11:32:46",normal,1,8.00,1,3149.10,3149.10,"Pro Plan",active
189,Kabir,1,0,64.96,"2025-03-17 22:10:06",at_risk,1,3.00,1,2374.05,0.00,"Basic Plan",expired
53,Kabir,1,0,32.53,"2025-12-09 13:34:53",high,1,8.00,1,5599.20,0.00,"Premium Plan",expired
74,Kabir,1,0,86.31,"2025-03-22 07:53:23",at_risk,1,4.00,1,4749.05,0.00,"Basic Plan",active
38,Kabir,1,0,12.20,"2025-02-22 03:40:49",at_risk,1,6.00,1,2969.10,0.00,"Pro Plan",active
175,Kabir,1,0,60.64,"2025-06-02 15:00:55",at_risk,1,1.00,1,2399.20,0.00,"Premium Plan",expired
362,Kabir,1,0,95.01,"2025-08-25 03:40:12",normal,1,2.00,1,3609.05,3609.05,"Basic Plan",active
266,Kabir,1,0,51.63,"2025-04-01 20:32:49",at_risk,1,9.00,1,2849.05,0.00,"Basic Plan",active
401,Kabir,1,0,5.63,"2025-10-24 05:25:38",normal,1,4.00,1,5699.05,0.00,"Basic Plan",expired
435,Kabir,1,0,91.09,"2025-01-07 14:53:06",at_risk,1,3.00,1,6649.05,6649.05,"Basic Plan",expired
410,Kabir,1,0,1.22,"2025-12-23 21:44:51",high,1,2.00,1,2374.05,2374.05,"Basic Plan",active
265,Kabir,1,0,97.59,"2025-08-27 07:56:32",normal,1,6.00,1,4274.05,4274.05,"Basic Plan",expired
273,Kabir,1,0,96.26,"2025-04-29 13:47:48",at_risk,1,10.00,1,7199.10,0.00,"Pro Plan",expired
485,Kabir,1,0,98.00,"2025-08-10 14:05:30",normal,1,5.00,1,4049.10,0.00,"Pro Plan",expired
84,Kabir,1,0,11.96,"2025-11-12 18:31:40",normal,1,1.00,1,7599.05,7599.05,"Basic Plan",expired
170,Kabir,1,0,77.99,"2025-04-20 16:11:10",at_risk,1,7.00,1,4559.05,0.00,"Basic Plan",expired
44,Kabir,1,0,31.17,"2025-09-26 06:13:30",normal,1,4.00,1,3609.05,0.00,"Basic Plan",expired
6,Kabir,1,0,5.81,"2025-06-17 08:40:51",normal,1,5.00,1,2699.10,0.00,"Pro Plan",expired
213,Kabir,1,0,91.49,"2025-12-23 20:55:48",high,1,10.00,1,3039.20,3039.20,"Premium Plan",active
284,Kabir,1,0,61.17,"2025-08-19 09:25:49",normal,1,4.00,1,3999.20,3999.20,"Premium Plan",active
168,Kabir,1,0,63.31,"2025-01-18 20:45:08",at_risk,1,7.00,1,3799.05,3799.05,"Basic Plan",expired
450,Kabir,1,0,5.64,"2025-02-24 22:02:13",at_risk,1,10.00,1,4749.05,4749.05,"Basic Plan",active
472,Karan,1,0,58.99,"2025-02-28 08:56:22",at_risk,1,7.00,1,6174.05,0.00,"Basic Plan",active
246,Karan,1,0,3.59,"2025-10-28 23:04:33",normal,1,2.00,1,3599.10,3599.10,"Pro Plan",expired
184,Karan,1,0,22.43,"2025-07-06 12:35:21",normal,1,2.00,1,2399.20,2399.20,"Premium Plan",expired
430,Karan,1,0,53.61,"2025-08-27 12:42:56",normal,1,7.00,1,2249.10,0.00,"Pro Plan",expired
434,Karan,1,0,16.26,"2025-12-05 21:50:12",high,1,1.00,1,1799.10,0.00,"Pro Plan",expired
408,Karan,1,0,37.49,"2025-08-16 16:36:53",normal,1,5.00,1,3599.20,0.00,"Premium Plan",expired
226,Karan,1,0,57.01,"2025-03-09 21:49:05",at_risk,1,9.00,1,4049.10,4049.10,"Pro Plan",active
441,Kavya,1,0,2.64,"2025-04-24 15:34:38",at_risk,1,1.00,1,2799.20,0.00,"Premium Plan",active
397,Kavya,1,0,11.12,"2025-06-01 09:35:09",at_risk,1,3.00,1,4749.05,4749.05,"Basic Plan",active
234,Kavya,1,0,70.25,"2025-06-19 17:05:59",normal,1,2.00,1,2849.05,2849.05,"Basic Plan",active
285,Kavya,1,0,41.96,"2026-01-01 16:38:59",high,1,6.00,1,3999.20,0.00,"Premium Plan",active
47,Kavya,1,0,77.51,"2025-05-26 13:30:16",at_risk,1,2.00,1,3799.05,0.00,"Basic Plan",active
205,Kavya,1,0,19.52,"2025-12-15 12:04:59",high,1,8.00,1,6399.20,6399.20,"Premium Plan",active
129,Kshitij,1,0,5.15,"2025-06-25 04:38:20",normal,1,1.00,1,6649.05,0.00,"Basic Plan",active
55,Kshitij,1,0,27.13,"2025-05-24 20:09:24",at_risk,1,4.00,1,6649.05,0.00,"Basic Plan",expired
197,Kshitij,1,0,97.30,"2025-07-03 02:30:34",normal,1,4.00,1,3999.20,3999.20,"Premium Plan",expired
123,Kshitij,1,0,49.72,"2025-12-06 03:21:47",high,1,9.00,1,5224.05,0.00,"Basic Plan",active
467,Kshitij,1,0,87.67,"2025-01-14 04:52:02",at_risk,1,6.00,1,4274.05,0.00,"Basic Plan",expired
380,Kshitij,1,0,8.41,"2025-09-17 17:17:47",normal,1,6.00,1,6649.05,6649.05,"Basic Plan",active
305,Kshitij,1,0,62.59,"2025-06-01 16:07:44",at_risk,1,3.00,1,5399.10,0.00,"Pro Plan",active
196,Kshitij,1,0,24.40,"2025-06-10 08:51:13",at_risk,1,10.00,1,2699.10,0.00,"Pro Plan",expired
447,Kshitij,1,0,38.09,"2025-02-20 02:54:52",at_risk,1,3.00,1,1599.20,0.00,"Premium Plan",active
341,Kunal,1,0,75.06,"2025-07-15 02:20:30",normal,1,8.00,1,1999.20,0.00,"Premium Plan",active
259,Kunal,1,0,8.53,"2025-08-01 07:16:31",normal,1,6.00,1,2639.20,2639.20,"Premium Plan",expired
248,Kunal,1,0,54.26,"2025-04-07 16:00:14",at_risk,1,6.00,1,3999.20,0.00,"Premium Plan",active
8,Kunal,1,0,60.11,"2025-03-18 07:50:11",at_risk,1,4.00,1,3679.20,0.00,"Premium Plan",active
468,Kunal,5,0,38.83,"2025-11-18 17:53:36",high,5,5.20,5,15655.50,7108.20,"Pro Plan",active
37,Kunal,1,0,44.02,"2025-06-21 13:25:23",normal,1,5.00,1,4369.05,4369.05,"Basic Plan",expired
263,Kunal,1,0,63.74,"2025-04-14 02:19:55",at_risk,1,1.00,1,3599.10,3599.10,"Pro Plan",expired
404,Kunal,1,0,64.92,"2025-05-11 14:25:46",at_risk,1,8.00,1,4749.05,4749.05,"Basic Plan",expired
93,Kunal,4,0,59.18,"2025-01-22 09:47:41",at_risk,4,4.00,4,17186.40,6748.20,"Pro Plan",expired
94,Kunal,1,0,24.93,"2025-04-22 06:34:25",at_risk,1,9.00,1,6399.20,6399.20,"Premium Plan",expired
477,Kunal,1,0,51.40,"2025-10-06 09:14:42",normal,1,3.00,1,3799.05,0.00,"Basic Plan",expired
399,Kunal,1,0,1.14,"2025-07-27 16:59:11",normal,1,2.00,1,6649.05,6649.05,"Basic Plan",expired
438,Manish,1,0,72.57,"2025-08-06 22:02:36",normal,1,10.00,1,3999.20,0.00,"Premium Plan",active
210,Manish,1,0,17.71,"2025-02-08 22:45:54",at_risk,1,1.00,1,1799.10,1799.10,"Pro Plan",expired
409,Manish,4,0,58.53,"2025-01-22 14:03:48",at_risk,4,8.00,4,15006.20,10257.15,"Basic Plan",expired
338,Manish,1,0,80.35,"2025-12-28 09:15:28",high,1,1.00,1,3999.20,3999.20,"Premium Plan",active
390,Manish,1,0,81.28,"2025-05-28 18:29:21",at_risk,1,2.00,1,3799.05,0.00,"Basic Plan",expired
479,Manish,1,0,39.65,"2025-04-29 18:27:49",at_risk,1,10.00,1,3599.20,3599.20,"Premium Plan",expired
161,Manish,1,0,81.72,"2025-07-23 21:48:41",normal,1,1.00,1,5599.20,5599.20,"Premium Plan",expired
276,Manish,4,0,24.72,"2025-01-27 05:52:51",at_risk,4,5.25,4,13581.20,9308.10,"Basic Plan",expired
21,Manish,1,0,13.95,"2025-06-15 01:14:17",at_risk,1,10.00,1,2399.20,0.00,"Premium Plan",expired
256,Manish,1,0,52.22,"2025-05-26 07:41:27",at_risk,1,5.00,1,5199.20,5199.20,"Premium Plan",expired
111,Manish,1,0,22.79,"2025-09-12 11:21:01",normal,1,8.00,1,2399.20,2399.20,"Premium Plan",active
326,Meera,1,0,68.30,"2025-06-03 03:26:09",at_risk,1,7.00,1,2639.20,2639.20,"Premium Plan",expired
39,Meera,1,0,49.52,"2025-06-02 15:49:29",at_risk,1,10.00,1,4369.05,0.00,"Basic Plan",active
402,Meera,1,0,11.88,"2025-02-11 17:48:37",at_risk,1,6.00,1,4274.05,4274.05,"Basic Plan",expired
473,Meera,1,0,39.22,"2025-06-30 11:13:05",normal,1,7.00,1,2849.05,0.00,"Basic Plan",active
491,Meera,1,0,12.89,"2025-11-19 15:04:41",high,1,5.00,1,7599.05,0.00,"Basic Plan",expired
243,Meera,1,0,79.58,"2025-10-01 03:17:37",normal,1,10.00,1,3599.10,3599.10,"Pro Plan",active
42,Meera,1,0,25.88,"2025-03-10 03:46:52",at_risk,1,5.00,1,4399.20,4399.20,"Premium Plan",expired
411,Meera,4,0,60.80,"2025-11-13 01:45:31",normal,4,5.25,4,17381.20,12157.15,"Basic Plan",expired
50,Meera,1,0,59.79,"2025-09-08 03:30:03",normal,1,2.00,1,2249.10,0.00,"Pro Plan",active
89,Meera,1,0,42.75,"2025-07-19 19:47:24",normal,1,3.00,1,4499.10,4499.10,"Pro Plan",active
464,Nandini,5,0,66.73,"2025-06-17 00:39:02",normal,5,6.80,5,17815.50,11517.30,"Pro Plan",active
278,Nandini,1,0,71.46,"2025-03-18 11:55:55",at_risk,1,10.00,1,7599.05,0.00,"Basic Plan",active
113,Nandini,1,0,51.07,"2025-09-24 00:53:47",normal,1,2.00,1,3134.05,3134.05,"Basic Plan",active
51,Nandini,1,0,92.19,"2025-05-07 21:25:15",at_risk,1,1.00,1,3799.05,0.00,"Basic Plan",active
416,Nandini,1,0,62.94,"2025-08-28 07:56:54",normal,1,1.00,1,6174.05,0.00,"Basic Plan",active
201,Nandini,1,0,79.48,"2025-12-09 22:04:22",high,1,8.00,1,1599.20,0.00,"Premium Plan",active
2,Neha,1,0,95.07,"2025-03-11 18:04:40",at_risk,1,4.00,1,4499.10,0.00,"Pro Plan",expired
387,Neha,1,0,98.66,"2025-02-22 23:09:13",at_risk,1,5.00,1,4399.20,0.00,"Premium Plan",active
194,Neha,1,0,36.77,"2025-03-09 20:31:02",at_risk,1,9.00,1,3599.10,0.00,"Pro Plan",expired
152,Neha,2,0,43.27,"2025-10-03 06:45:16",normal,2,4.00,2,6078.40,3679.20,"Premium Plan",active
286,Neha,1,0,24.77,"2025-11-22 03:38:56",high,1,8.00,1,1599.20,0.00,"Premium Plan",expired
421,Neha,1,0,90.12,"2025-09-20 20:03:56",normal,1,3.00,1,5599.20,0.00,"Premium Plan",active
154,Neha,1,0,93.67,"2025-04-03 10:40:12",at_risk,1,1.00,1,5599.20,0.00,"Premium Plan",expired
179,Neha,1,0,0.51,"2025-07-16 23:19:58",normal,1,2.00,1,3134.05,3134.05,"Basic Plan",active
282,Nikita,1,0,73.79,"2025-06-25 22:49:53",normal,1,8.00,1,2799.20,2799.20,"Premium Plan",expired
166,Nikita,1,0,89.72,"2025-08-21 08:30:49",normal,1,6.00,1,3599.20,0.00,"Premium Plan",active
76,Nikita,1,0,33.09,"2025-06-11 11:30:29",at_risk,1,8.00,1,3039.20,3039.20,"Premium Plan",active
360,Nikita,1,0,9.13,"2025-06-04 15:58:24",at_risk,1,2.00,1,5199.20,0.00,"Premium Plan",active
446,Nikita,1,0,59.41,"2025-09-01 19:01:58",normal,1,5.00,1,3799.05,3799.05,"Basic Plan",active
104,Nikita,1,0,87.15,"2025-10-03 04:55:22",normal,1,4.00,1,6299.10,6299.10,"Pro Plan",expired
127,Nikita,1,0,60.96,"2025-08-27 23:33:43",normal,1,7.00,1,4499.10,4499.10,"Pro Plan",active
18,Nikita,1,0,43.19,"2025-02-23 21:53:58",at_risk,1,4.00,1,6649.05,6649.05,"Basic Plan",active
474,Nikita,1,0,43.75,"2025-12-07 20:16:45",high,1,6.00,1,2249.10,0.00,"Pro Plan",expired
138,Nikita,5,0,54.55,"2025-05-14 06:47:08",at_risk,5,4.40,5,17005.50,8367.30,"Pro Plan",expired
163,Nikita,1,0,52.97,"2025-07-30 15:21:53",normal,1,1.00,1,3134.05,3134.05,"Basic Plan",active
422,Nishant,1,0,4.54,"2025-04-07 06:02:34",at_risk,1,6.00,1,2699.10,2699.10,"Pro Plan",active
353,Nishant,1,0,10.31,"2025-11-07 21:13:37",normal,1,9.00,1,5199.20,5199.20,"Premium Plan",active
43,Nishant,1,0,66.25,"2025-09-12 15:56:24",normal,1,9.00,1,6299.10,0.00,"Pro Plan",expired
172,Nishant,1,0,8.41,"2025-08-08 17:55:51",normal,1,9.00,1,5849.10,5849.10,"Pro Plan",expired
461,Nishant,1,0,61.81,"2025-04-08 12:11:47",at_risk,1,8.00,1,2249.10,2249.10,"Pro Plan",expired
15,Nishant,1,0,18.34,"2025-11-05 20:18:42",normal,1,5.00,1,5599.20,0.00,"Premium Plan",expired
417,Nishant,1,0,69.57,"2025-12-26 01:10:28",high,1,8.00,1,4399.20,0.00,"Premium Plan",active
258,Pallavi,1,0,62.29,"2025-08-03 10:01:35",normal,1,3.00,1,4499.10,4499.10,"Pro Plan",expired
496,Pallavi,4,0,47.46,"2025-12-25 19:52:36",high,4,6.25,4,12316.80,4638.40,"Premium Plan",expired
370,Pallavi,1,0,75.24,"2025-04-12 12:27:37",at_risk,1,9.00,1,2639.20,2639.20,"Premium Plan",expired
46,Pallavi,1,0,96.96,"2025-02-15 11:25:26",at_risk,1,10.00,1,3599.10,3599.10,"Pro Plan",expired
186,Pallavi,1,0,23.72,"2025-08-25 18:13:18",normal,1,1.00,1,2399.20,2399.20,"Premium Plan",expired
428,Pallavi,5,0,37.33,"2025-09-26 02:08:35",normal,5,4.80,5,22135.50,8818.20,"Pro Plan",expired
420,Pallavi,1,0,58.43,"2025-09-17 13:48:09",normal,1,8.00,1,7599.05,7599.05,"Basic Plan",active
355,Pallavi,1,0,32.00,"2025-07-05 20:43:41",normal,1,8.00,1,6299.10,6299.10,"Pro Plan",active
83,Pallavi,1,0,47.22,"2025-03-26 00:08:52",at_risk,1,7.00,1,2969.10,2969.10,"Pro Plan",expired
462,Pallavi,1,0,35.82,"2025-11-16 17:57:48",high,1,9.00,1,1799.10,1799.10,"Pro Plan",active
5,Pallavi,1,0,15.60,"2025-03-06 15:55:22",at_risk,1,5.00,1,2969.10,2969.10,"Pro Plan",expired
356,Pallavi,1,0,89.55,"2025-07-18 17:45:50",normal,1,7.00,1,3199.20,0.00,"Premium Plan",active
159,Pallavi,1,0,87.73,"2025-03-24 06:58:01",at_risk,1,9.00,1,4049.10,0.00,"Pro Plan",expired
211,Pallavi,1,0,94.05,"2025-10-25 04:09:28",normal,1,4.00,1,2374.05,2374.05,"Basic Plan",expired
34,Pallavi,1,0,30.46,"2025-06-23 19:26:42",normal,1,8.00,1,2639.20,0.00,"Premium Plan",expired
319,Pallavi,1,0,54.56,"2025-02-04 09:38:53",at_risk,1,7.00,1,5224.05,5224.05,"Basic Plan",expired
361,Pallavi,1,0,31.93,"2025-11-19 15:26:31",high,1,2.00,1,3149.10,0.00,"Pro Plan",active
169,Pooja,5,0,63.97,"2025-11-13 05:43:21",normal,5,4.60,5,21275.25,11018.10,"Basic Plan",expired
146,Pooja,1,0,59.09,"2025-04-11 06:10:30",at_risk,1,8.00,1,1999.20,1999.20,"Premium Plan",expired
87,Pooja,1,0,49.38,"2025-12-01 23:33:16",high,1,9.00,1,3599.20,0.00,"Premium Plan",expired
12,Pooja,1,0,83.24,"2025-03-27 14:56:38",at_risk,1,1.00,1,3324.05,0.00,"Basic Plan",expired
68,Pooja,1,0,70.69,"2025-05-28 21:18:45",at_risk,1,2.00,1,4399.20,4399.20,"Premium Plan",active
394,Pooja,1,0,55.84,"2025-08-13 07:01:10",normal,1,9.00,1,4749.05,4749.05,"Basic Plan",expired
62,Pooja,1,0,7.46,"2025-05-28 22:22:23",at_risk,1,8.00,1,2374.05,2374.05,"Basic Plan",active
165,Pooja,1,0,9.31,"2025-05-03 01:42:45",at_risk,1,10.00,1,3149.10,0.00,"Pro Plan",active
142,Pooja,1,0,83.53,"2025-10-25 16:09:52",normal,1,8.00,1,5849.10,0.00,"Pro Plan",active
82,Pooja,1,0,88.72,"2025-11-22 23:43:59",high,1,3.00,1,7599.05,7599.05,"Basic Plan",active
14,Pooja,1,0,18.18,"2025-04-26 18:03:36",at_risk,1,2.00,1,4274.05,4274.05,"Basic Plan",active
41,Pooja,1,0,90.93,"2025-09-06 19:49:15",normal,1,5.00,1,5699.05,0.00,"Basic Plan",active
3,Pooja,1,0,73.20,"2025-11-17 14:23:00",high,1,4.00,1,2849.05,0.00,"Basic Plan",expired
60,Pooja,1,0,14.09,"2025-12-03 05:58:52",high,1,5.00,1,5599.20,0.00,"Premium Plan",expired
199,Pranav,1,0,89.20,"2025-05-04 11:48:08",at_risk,1,2.00,1,2399.20,0.00,"Premium Plan",active
235,Pranav,1,0,35.95,"2025-12-07 16:49:51",high,1,2.00,1,3609.05,3609.05,"Basic Plan",expired
114,Pranav,1,0,41.74,"2025-05-04 12:42:46",at_risk,1,3.00,1,4749.05,4749.05,"Basic Plan",expired
482,Pranav,1,0,49.21,"2025-08-14 15:14:54",normal,1,3.00,1,4949.10,0.00,"Pro Plan",expired
198,Pranav,1,0,39.31,"2025-11-30 23:55:32",high,1,10.00,1,4139.10,0.00,"Pro Plan",expired
250,Pranav,1,0,59.08,"2025-03-09 03:16:01",at_risk,1,8.00,1,7199.10,7199.10,"Pro Plan",active
141,Pranav,1,0,9.03,"2025-03-07 02:39:09",at_risk,1,9.00,1,4799.20,4799.20,"Premium Plan",active
329,Pranav,1,0,84.49,"2025-11-03 00:09:01",normal,1,7.00,1,6649.05,0.00,"Basic Plan",active
132,Priya,1,0,23.96,"2025-04-07 19:20:34",at_risk,1,5.00,1,2969.10,2969.10,"Pro Plan",active
345,Priya,1,0,37.20,"2025-08-28 16:05:18",normal,1,4.00,1,2699.10,0.00,"Pro Plan",active
102,Priya,1,0,80.81,"2025-05-24 17:49:59",at_risk,1,10.00,1,1999.20,0.00,"Premium Plan",active
155,Priya,1,0,13.75,"2025-03-12 13:33:18",at_risk,1,8.00,1,7599.05,0.00,"Basic Plan",active
185,Priya,1,0,71.22,"2025-03-13 21:10:55",at_risk,1,6.00,1,2969.10,2969.10,"Pro Plan",expired
225,Priya,1,0,69.60,"2025-08-20 22:57:27",normal,1,10.00,1,1899.05,1899.05,"Basic Plan",expired
290,Priya,1,0,11.61,"2025-05-01 13:37:53",at_risk,1,8.00,1,4949.10,0.00,"Pro Plan",active
173,Raghav,1,0,16.16,"2025-02-05 00:33:45",at_risk,1,1.00,1,1999.20,1999.20,"Premium Plan",active
497,Raghav,1,0,66.76,"2025-07-06 11:51:45",normal,1,10.00,1,2639.20,2639.20,"Premium Plan",active
242,Raghav,1,0,70.20,"2025-06-04 08:18:58",at_risk,1,8.00,1,6299.10,0.00,"Pro Plan",active
325,Raghav,1,0,9.44,"2025-07-29 11:21:27",normal,1,10.00,1,4049.10,0.00,"Pro Plan",active
332,Raghav,1,0,28.19,"2025-01-29 22:04:59",at_risk,1,1.00,1,6399.20,0.00,"Premium Plan",active
382,Raghav,1,0,7.28,"2025-10-24 05:12:02",normal,1,7.00,1,2969.10,0.00,"Pro Plan",expired
488,Raghav,1,0,63.34,"2025-12-29 19:20:23",high,1,5.00,1,4049.10,0.00,"Pro Plan",expired
158,Rahul,1,0,92.47,"2025-09-11 15:47:00",normal,1,1.00,1,3599.10,3599.10,"Pro Plan",active
396,Rahul,1,0,90.64,"2025-06-26 08:01:02",normal,1,10.00,1,2849.05,0.00,"Basic Plan",expired
187,Rahul,1,0,32.54,"2025-08-22 13:44:04",normal,1,10.00,1,5599.20,0.00,"Premium Plan",expired
105,Rahul,1,0,80.37,"2025-06-08 17:38:07",at_risk,1,2.00,1,4799.20,4799.20,"Premium Plan",active
371,Rahul,4,0,54.17,"2025-03-05 11:26:30",at_risk,4,5.50,4,14341.20,4559.05,"Basic Plan",expired
88,Rahul,1,0,52.27,"2025-05-19 16:31:45",at_risk,1,10.00,1,4949.10,0.00,"Pro Plan",active
125,Rahul,1,0,28.48,"2025-04-11 08:03:00",at_risk,1,9.00,1,4139.10,4139.10,"Pro Plan",active
230,Rahul,1,0,14.01,"2025-07-30 03:47:07",normal,1,9.00,1,4049.10,4049.10,"Pro Plan",expired
32,Rahul,1,0,96.56,"2025-10-11 08:00:04",normal,1,4.00,1,3199.20,0.00,"Premium Plan",expired
388,Rahul,1,0,37.43,"2025-03-14 02:53:38",at_risk,1,6.00,1,3419.10,0.00,"Pro Plan",active
289,Rahul,1,0,1.44,"2025-03-19 13:53:40",at_risk,1,2.00,1,3999.20,0.00,"Premium Plan",active
483,Ritesh,1,0,25.82,"2025-05-13 20:02:43",at_risk,1,3.00,1,4949.10,4949.10,"Pro Plan",active
219,Ritesh,2,0,90.83,"2025-04-14 19:43:33",at_risk,2,3.50,2,6648.10,6648.10,"Basic Plan",expired
343,Ritesh,1,0,99.05,"2025-12-28 20:24:10",high,1,9.00,1,2799.20,0.00,"Premium Plan",active
85,Ritesh,1,0,71.32,"2025-12-24 18:37:40",high,1,1.00,1,4049.10,4049.10,"Pro Plan",expired
418,Ritesh,1,0,45.45,"2025-02-11 05:33:00",at_risk,1,4.00,1,2849.05,2849.05,"Basic Plan",expired
324,Ritesh,4,0,9.61,"2025-04-09 02:44:31",at_risk,4,4.50,4,17366.40,9718.20,"Pro Plan",expired
426,Ritesh,1,0,45.57,"2025-12-22 15:35:43",high,1,5.00,1,2799.20,0.00,"Premium Plan",expired
337,Ritesh,1,0,73.51,"2025-05-25 04:37:53",at_risk,1,6.00,1,3999.20,3999.20,"Premium Plan",expired
150,Ritesh,1,0,22.65,"2025-11-19 17:53:55",high,1,8.00,1,3324.05,3324.05,"Basic Plan",active
487,Ritesh,1,0,32.88,"2025-04-04 09:29:46",at_risk,1,2.00,1,2799.20,0.00,"Premium Plan",expired
178,Ritesh,1,0,66.35,"2025-02-19 06:37:58",at_risk,1,9.00,1,7199.10,0.00,"Pro Plan",active
13,Ritesh,1,0,21.23,"2025-11-28 16:13:36",high,1,2.00,1,6399.20,6399.20,"Premium Plan",active
4,Riya,2,0,37.74,"2025-01-03 00:00:59",at_risk,2,7.50,2,11248.20,4949.10,"Pro Plan",active
72,Riya,1,0,35.85,"2025-05-06 04:54:29",at_risk,1,7.00,1,1999.20,1999.20,"Premium Plan",active
162,Riya,1,0,55.52,"2025-09-17 01:23:52",normal,1,2.00,1,4399.20,4399.20,"Premium Plan",active
244,Riya,4,0,42.44,"2025-05-20 16:44:06",at_risk,4,7.00,4,17996.80,5599.20,"Premium Plan",active
306,Riya,1,0,50.31,"2025-09-15 10:19:28",normal,1,9.00,1,2699.10,0.00,"Pro Plan",active
9,Riya,1,0,70.81,"2025-09-19 04:40:39",normal,1,7.00,1,4049.10,0.00,"Pro Plan",active
303,Riya,1,0,4.53,"2025-11-05 22:59:39",normal,1,6.00,1,4499.10,0.00,"Pro Plan",active
208,Riya,1,0,2.43,"2025-09-15 20:29:11",normal,1,10.00,1,2639.20,2639.20,"Premium Plan",expired
112,Riya,4,0,52.82,"2025-11-18 18:39:11",high,4,3.25,4,12146.40,2699.10,"Pro Plan",active
97,Riya,1,0,22.88,"2025-09-18 13:43:05",normal,1,10.00,1,2399.20,2399.20,"Premium Plan",active
298,Riya,1,0,47.35,"2025-04-30 22:03:08",at_risk,1,9.00,1,6399.20,6399.20,"Premium Plan",active
400,Riya,1,0,46.87,"2025-03-14 22:31:14",at_risk,1,7.00,1,4319.10,4319.10,"Pro Plan",expired
277,Riya,1,0,54.92,"2025-02-28 20:36:44",at_risk,1,2.00,1,3599.10,0.00,"Pro Plan",active
313,Riya,1,0,58.58,"2025-05-20 11:02:55",at_risk,1,6.00,1,4049.10,4049.10,"Pro Plan",expired
275,Riya,1,0,69.60,"2025-02-16 04:01:22",at_risk,1,9.00,1,3324.05,3324.05,"Basic Plan",active
267,Riya,1,0,32.30,"2025-07-07 19:57:39",normal,1,10.00,1,4049.10,0.00,"Pro Plan",expired
271,Riya,1,0,7.85,"2025-12-15 23:30:35",high,1,5.00,1,3324.05,3324.05,"Basic Plan",active
151,Rohan,1,0,64.52,"2025-11-25 06:29:51",high,1,4.00,1,3599.10,3599.10,"Pro Plan",active
27,Rohan,1,0,51.42,"2025-10-10 19:37:50",normal,1,4.00,1,3999.20,0.00,"Premium Plan",active
439,Rohan,1,0,61.34,"2025-04-29 17:26:06",at_risk,1,3.00,1,4799.20,4799.20,"Premium Plan",active
445,Rohan,1,0,15.04,"2025-06-09 15:03:16",at_risk,1,7.00,1,2799.20,2799.20,"Premium Plan",active
69,Rohan,1,0,72.90,"2025-04-18 03:40:07",at_risk,1,4.00,1,1899.05,1899.05,"Basic Plan",active
181,Rohan,1,0,54.87,"2025-01-25 10:42:45",at_risk,1,1.00,1,3199.20,0.00,"Premium Plan",active
287,Rohan,1,0,35.60,"2025-08-24 19:56:56",normal,1,6.00,1,4399.20,4399.20,"Premium Plan",active
117,Rohan,1,0,33.76,"2025-04-08 12:51:22",at_risk,1,5.00,1,2249.10,2249.10,"Pro Plan",expired
71,Rohan,1,0,7.40,"2025-08-31 06:32:31",normal,1,8.00,1,2249.10,0.00,"Pro Plan",active
315,Sakshi,1,0,57.55,"2025-02-01 15:14:39",at_risk,1,4.00,1,2969.10,2969.10,"Pro Plan",expired
17,Sakshi,1,0,52.48,"2025-04-30 05:05:52",at_risk,1,8.00,1,3599.10,0.00,"Pro Plan",expired
223,Sakshi,1,0,55.68,"2025-07-25 01:55:06",normal,1,8.00,1,3799.05,0.00,"Basic Plan",active
318,Sakshi,1,0,45.83,"2025-11-19 05:40:19",high,1,9.00,1,3149.10,3149.10,"Pro Plan",active
302,Sakshi,1,0,63.51,"2025-04-14 14:40:19",at_risk,1,1.00,1,4499.10,4499.10,"Pro Plan",active
270,Sakshi,1,0,43.90,"2025-01-27 02:26:52",at_risk,1,8.00,1,4749.05,4749.05,"Basic Plan",active
176,Sanya,1,0,0.92,"2025-11-22 20:34:18",high,1,7.00,1,4049.10,0.00,"Pro Plan",expired
352,Sanya,1,0,75.45,"2025-05-09 22:38:01",at_risk,1,10.00,1,7199.10,7199.10,"Pro Plan",active
395,Sanya,1,0,42.42,"2025-06-01 16:00:45",at_risk,1,5.00,1,2249.10,0.00,"Pro Plan",expired
309,Sanya,1,0,16.29,"2025-12-19 22:07:16",high,1,6.00,1,4499.10,4499.10,"Pro Plan",active
182,Sanya,1,0,69.19,"2025-09-25 20:53:22",normal,1,2.00,1,4499.10,4499.10,"Pro Plan",active
490,Sanya,1,0,7.59,"2025-03-28 06:20:24",at_risk,1,3.00,1,6399.20,6399.20,"Premium Plan",expired
193,Sanya,1,0,9.37,"2025-12-05 19:29:19",high,1,7.00,1,1799.10,1799.10,"Pro Plan",expired
311,Sanya,1,0,64.24,"2025-06-03 21:38:13",at_risk,1,8.00,1,3609.05,0.00,"Basic Plan",expired
78,Sanya,1,0,31.10,"2025-03-09 06:41:35",at_risk,1,10.00,1,5399.10,0.00,"Pro Plan",expired
425,Sanya,1,0,89.03,"2025-07-13 06:46:13",normal,1,9.00,1,2699.10,0.00,"Pro Plan",expired
253,Shaurya,1,0,82.26,"2025-06-24 05:53:34",normal,1,8.00,1,2799.20,2799.20,"Premium Plan",expired
45,Shaurya,3,0,41.72,"2025-11-22 16:44:56",high,3,6.67,3,16797.60,5599.20,"Premium Plan",active
414,Shaurya,2,0,76.16,"2025-03-01 10:16:09",at_risk,2,4.50,2,8638.40,4799.20,"Premium Plan",active
295,Shaurya,1,0,47.42,"2025-10-15 00:13:11",normal,1,10.00,1,4274.05,4274.05,"Basic Plan",active
393,Shaurya,1,0,77.71,"2025-12-23 23:51:37",high,1,10.00,1,3324.05,3324.05,"Basic Plan",expired
209,Shaurya,1,0,64.55,"2025-04-30 15:05:02",at_risk,1,8.00,1,4499.10,4499.10,"Pro Plan",active
26,Shaurya,1,0,19.97,"2025-11-21 12:29:02",high,1,6.00,1,2849.05,2849.05,"Basic Plan",expired
398,Shaurya,1,0,49.26,"2025-07-26 11:08:17",normal,1,10.00,1,3839.20,3839.20,"Premium Plan",expired
95,Shaurya,1,0,41.04,"2025-07-03 14:41:11",normal,1,10.00,1,3599.10,0.00,"Pro Plan",active
31,Shaurya,1,0,94.89,"2025-06-17 18:38:27",normal,1,10.00,1,3599.20,3599.20,"Premium Plan",active
40,Shreya,1,0,3.44,"2025-10-05 23:01:21",normal,1,3.00,1,3799.05,3799.05,"Basic Plan",active
307,Shreya,1,0,85.65,"2025-05-26 14:05:44",at_risk,1,7.00,1,2399.20,0.00,"Premium Plan",active
23,Shreya,1,0,36.64,"2025-10-10 12:28:19",normal,1,8.00,1,4749.05,4749.05,"Basic Plan",expired
200,Shreya,1,0,63.11,"2025-05-22 07:45:04",at_risk,1,7.00,1,5199.20,5199.20,"Premium Plan",active
449,Shreya,5,0,56.75,"2025-01-04 20:02:53",at_risk,5,5.60,5,20636.00,3199.20,"Premium Plan",active
255,Shreya,1,0,12.71,"2025-05-12 17:01:58",at_risk,1,4.00,1,4749.05,4749.05,"Basic Plan",active
291,Shreya,1,0,4.60,"2025-10-08 19:59:33",normal,1,7.00,1,6299.10,0.00,"Pro Plan",active
204,Shreya,1,0,49.25,"2025-12-03 14:14:55",high,1,8.00,1,3799.05,3799.05,"Basic Plan",active
391,Shreya,1,0,94.72,"2025-06-16 00:16:13",normal,1,9.00,1,2399.20,0.00,"Premium Plan",active
412,Shreya,1,0,99.30,"2025-10-16 16:19:51",normal,1,9.00,1,4319.10,4319.10,"Pro Plan",active
139,Shreya,1,0,63.35,"2025-12-16 09:23:26",high,1,9.00,1,6299.10,0.00,"Pro Plan",expired
297,Shreya,1,0,49.16,"2025-09-09 16:40:45",normal,1,10.00,1,4749.05,4749.05,"Basic Plan",expired
115,Shreya,1,0,22.21,"2025-09-16 06:47:14",normal,1,9.00,1,4319.10,0.00,"Pro Plan",active
22,Siddharth,1,0,29.21,"2025-01-15 18:05:42",at_risk,1,10.00,1,3999.20,3999.20,"Premium Plan",active
66,Siddharth,1,0,0.55,"2025-01-03 00:33:07",at_risk,1,2.00,1,6649.05,6649.05,"Basic Plan",expired
336,Siddharth,1,0,87.75,"2025-06-23 04:50:32",normal,1,4.00,1,3134.05,3134.05,"Basic Plan",active
293,Siddharth,1,0,85.55,"2025-09-09 04:32:35",normal,1,7.00,1,2699.10,2699.10,"Pro Plan",expired
299,Siddharth,2,0,30.36,"2025-03-24 06:53:26",at_risk,2,5.50,2,7918.20,3599.10,"Pro Plan",active
383,Siddharth,1,0,82.19,"2025-01-12 19:36:20",at_risk,1,8.00,1,2849.05,0.00,"Basic Plan",active
489,Siddharth,1,0,24.01,"2025-02-04 02:52:24",at_risk,1,9.00,1,4274.05,0.00,"Basic Plan",active
264,Siddharth,1,0,72.61,"2025-05-27 23:26:58",at_risk,1,10.00,1,1899.05,1899.05,"Basic Plan",active
110,Simran,1,0,11.01,"2025-08-12 18:48:29",normal,1,8.00,1,1999.20,1999.20,"Premium Plan",active
118,Simran,1,0,94.29,"2025-03-29 20:53:25",at_risk,1,2.00,1,1999.20,1999.20,"Premium Plan",active
350,Simran,1,0,42.90,"2025-03-21 01:22:56",at_risk,1,1.00,1,1999.20,0.00,"Premium Plan",expired
476,Simran,1,0,34.83,"2025-03-02 02:57:36",at_risk,1,3.00,1,2849.05,2849.05,"Basic Plan",expired
385,Simran,1,0,8.13,"2025-11-07 15:41:30",normal,1,10.00,1,4139.10,0.00,"Pro Plan",expired
203,Simran,1,0,57.69,"2025-12-17 15:54:12",high,1,6.00,1,2399.20,2399.20,"Premium Plan",expired
122,Simran,1,0,25.18,"2025-07-01 19:00:38",normal,1,3.00,1,4399.20,0.00,"Premium Plan",active
137,Sneha,1,0,67.21,"2025-06-14 18:57:39",at_risk,1,2.00,1,3199.20,0.00,"Premium Plan",expired
233,Sneha,1,0,69.70,"2025-06-04 07:54:50",at_risk,1,7.00,1,3199.20,0.00,"Premium Plan",expired
440,Sneha,4,0,56.56,"2025-09-22 17:41:51",normal,4,4.50,4,16286.40,12867.30,"Pro Plan",expired
108,Sneha,1,0,89.61,"2025-06-10 13:37:23",at_risk,1,10.00,1,3149.10,3149.10,"Pro Plan",active
333,Sneha,1,0,11.82,"2025-09-25 17:44:00",normal,1,10.00,1,7199.10,7199.10,"Pro Plan",expired
207,Sneha,1,0,28.08,"2025-02-25 19:26:22",at_risk,1,6.00,1,3599.20,3599.20,"Premium Plan",active
348,Sneha,1,0,93.08,"2025-04-07 14:59:01",at_risk,1,5.00,1,2969.10,2969.10,"Pro Plan",expired
224,Tanvi,1,0,93.62,"2025-12-12 01:39:00",high,1,8.00,1,7599.05,7599.05,"Basic Plan",expired
221,Tanvi,1,0,38.51,"2025-11-08 13:04:10",normal,1,8.00,1,4559.05,0.00,"Basic Plan",active
61,Tanvi,1,0,80.22,"2025-10-12 03:54:42",normal,1,7.00,1,1999.20,1999.20,"Premium Plan",active
239,Tanvi,1,0,50.15,"2025-09-06 20:59:48",normal,1,9.00,1,2399.20,2399.20,"Premium Plan",active
389,Tanvi,1,0,37.06,"2025-03-23 09:46:47",at_risk,1,2.00,1,4369.05,0.00,"Basic Plan",expired
317,Tanvi,1,0,64.33,"2025-08-23 09:06:23",normal,1,8.00,1,4139.10,0.00,"Pro Plan",expired
316,Tanvi,1,0,38.82,"2025-08-12 00:45:55",normal,1,9.00,1,6399.20,0.00,"Premium Plan",active
145,Tanvi,1,0,4.08,"2025-10-23 05:26:06",normal,1,9.00,1,3149.10,0.00,"Pro Plan",expired
344,Tanvi,1,0,41.26,"2025-04-18 05:07:48",at_risk,1,3.00,1,4274.05,0.00,"Basic Plan",expired
372,Tanvi,1,0,5.76,"2025-07-23 11:49:17",normal,1,10.00,1,4049.10,4049.10,"Pro Plan",expired
119,Tanvi,1,0,32.32,"2025-12-18 05:43:41",high,1,5.00,1,3199.20,0.00,"Premium Plan",expired
424,Tanvi,1,0,95.04,"2025-10-14 18:42:07",normal,1,1.00,1,1899.05,1899.05,"Basic Plan",active
63,Tanvi,1,0,98.69,"2025-05-30 19:56:42",at_risk,1,9.00,1,3419.10,3419.10,"Pro Plan",active
495,Tanya,1,0,64.09,"2025-10-10 22:40:40",normal,1,9.00,1,3799.05,0.00,"Basic Plan",active
98,Tanya,1,0,7.70,"2025-12-24 15:36:37",high,1,8.00,1,6299.10,6299.10,"Pro Plan",expired
48,Tanya,1,0,93.95,"2025-01-10 04:23:49",at_risk,1,5.00,1,3799.05,3799.05,"Basic Plan",expired
334,Tanya,1,0,69.67,"2025-05-31 02:47:14",at_risk,1,9.00,1,4399.20,0.00,"Premium Plan",expired
218,Tanya,1,0,96.67,"2025-12-11 15:34:13",high,1,5.00,1,3199.20,0.00,"Premium Plan",active
96,Tanya,1,0,75.56,"2025-05-30 08:20:00",at_risk,1,5.00,1,4949.10,0.00,"Pro Plan",expired
192,Tarun,1,0,56.83,"2025-09-09 04:08:32",normal,1,10.00,1,3599.10,0.00,"Pro Plan",active
28,Tarun,1,0,59.24,"2025-03-21 13:14:57",at_risk,1,7.00,1,3799.05,3799.05,"Basic Plan",expired
206,Tarun,1,0,72.25,"2025-10-13 12:09:57",normal,1,4.00,1,3839.20,0.00,"Premium Plan",active
354,Tarun,3,0,74.48,"2025-10-09 04:10:55",normal,3,1.33,3,9497.15,7123.10,"Basic Plan",active
79,Tarun,1,0,32.52,"2025-03-04 01:27:36",at_risk,1,7.00,1,3599.10,3599.10,"Pro Plan",expired
148,Tarun,1,0,1.66,"2025-01-21 04:39:50",at_risk,1,10.00,1,6649.05,6649.05,"Basic Plan",expired
144,Tarun,1,0,18.65,"2025-01-24 00:26:32",at_risk,1,4.00,1,3599.10,0.00,"Pro Plan",expired
321,Tarun,1,0,38.61,"2025-06-11 23:42:36",at_risk,1,6.00,1,2849.05,2849.05,"Basic Plan",expired
469,Tarun,1,0,70.41,"2025-05-22 09:27:57",at_risk,1,9.00,1,2969.10,0.00,"Pro Plan",expired
274,Tarun,1,0,83.60,"2025-12-20 17:01:53",high,1,1.00,1,6399.20,0.00,"Premium Plan",active
75,Varun,1,0,62.33,"2025-01-10 15:17:54",at_risk,1,6.00,1,4559.05,4559.05,"Basic Plan",active
147,Varun,1,0,67.76,"2025-05-11 04:56:09",at_risk,1,4.00,1,3039.20,0.00,"Premium Plan",expired
245,Varun,1,0,57.83,"2025-10-12 12:14:13",normal,1,6.00,1,3999.20,0.00,"Premium Plan",active
214,Varun,1,0,37.02,"2025-04-07 00:37:58",at_risk,1,5.00,1,5224.05,5224.05,"Basic Plan",active
281,Varun,1,0,95.49,"2025-05-08 08:27:37",at_risk,1,8.00,1,6649.05,6649.05,"Basic Plan",active
373,Varun,1,0,54.95,"2025-05-28 03:50:44",at_risk,1,1.00,1,7199.10,0.00,"Pro Plan",expired
444,Varun,1,0,98.73,"2025-08-07 22:02:40",normal,1,10.00,1,2374.05,2374.05,"Basic Plan",active
81,Varun,1,0,63.76,"2025-09-04 11:11:59",normal,1,7.00,1,5199.20,5199.20,"Premium Plan",expired
451,Varun,1,0,86.47,"2025-01-23 23:52:27",at_risk,1,9.00,1,4499.10,4499.10,"Pro Plan",expired
107,Varun,1,0,80.74,"2025-04-17 05:50:54",at_risk,1,9.00,1,3149.10,0.00,"Pro Plan",active
357,Varun,1,0,38.92,"2025-01-31 08:20:09",at_risk,1,7.00,1,5599.20,5599.20,"Premium Plan",active
456,Vikram,1,0,76.90,"2025-11-02 13:47:53",normal,1,6.00,1,6649.05,0.00,"Basic Plan",expired
227,Vikram,1,0,9.72,"2025-07-20 13:37:17",normal,1,5.00,1,5399.10,5399.10,"Pro Plan",active
232,Vikram,1,0,74.08,"2025-08-10 20:31:46",normal,1,6.00,1,4799.20,4799.20,"Premium Plan",active
7,Vikram,1,0,86.62,"2025-07-09 06:43:41",normal,1,2.00,1,2399.20,2399.20,"Premium Plan",active
381,Vikram,1,0,70.10,"2025-01-04 19:06:29",at_risk,1,5.00,1,4049.10,0.00,"Pro Plan",active
260,Vikram,1,0,5.17,"2025-08-14 18:43:41",normal,1,1.00,1,3039.20,0.00,"Premium Plan",active
499,Vikram,1,0,19.23,"2025-05-29 10:02:11",at_risk,1,4.00,1,1999.20,0.00,"Premium Plan",active
20,Vikram,1,0,61.19,"2025-08-09 10:11:13",normal,1,7.00,1,5224.05,5224.05,"Basic Plan",expired
262,Vikram,1,0,54.06,"2025-07-13 10:13:30",normal,1,2.00,1,3199.20,3199.20,"Premium Plan",active
252,Vikram,1,0,3.73,"2025-08-10 11:44:54",normal,1,8.00,1,6299.10,6299.10,"Pro Plan",active
320,Vikram,1,0,94.15,"2025-04-30 16:05:57",at_risk,1,9.00,1,1999.20,1999.20,"Premium Plan",expired
475,Vikram,1,0,90.42,"2025-05-13 08:50:39",at_risk,1,6.00,1,5599.20,0.00,"Premium Plan",expired
413,Vivek,1,0,7.38,"2025-12-03 23:34:47",high,1,7.00,1,3599.10,0.00,"Pro Plan",active
460,Vivek,1,0,67.17,"2025-10-02 12:49:43",normal,1,5.00,1,4749.05,0.00,"Basic Plan",expired
478,Vivek,1,0,78.37,"2025-02-02 23:11:33",at_risk,1,10.00,1,2249.10,0.00,"Pro Plan",expired
124,Vivek,1,0,30.09,"2025-07-31 19:38:43",normal,1,9.00,1,3679.20,0.00,"Premium Plan",active
73,Vivek,1,0,11.59,"2025-01-12 02:15:36",at_risk,1,5.00,1,2374.05,0.00,"Basic Plan",expired
454,Vivek,1,0,99.66,"2025-03-12 13:47:21",at_risk,1,3.00,1,3799.05,0.00,"Basic Plan",expired
133,Vivek,1,0,14.49,"2025-03-16 01:16:56",at_risk,1,5.00,1,4949.10,0.00,"Pro Plan",active
346,Vivek,1,0,77.64,"2025-11-07 22:36:50",normal,1,3.00,1,4949.10,0.00,"Pro Plan",active
392,Vivek,4,0,54.98,"2025-08-22 16:39:17",normal,4,5.75,4,16636.80,3199.20,"Premium Plan",active
167,Vivek,1,0,90.04,"2025-02-09 07:10:12",at_risk,1,3.00,1,2849.05,2849.05,"Basic Plan",expired
106,Vivek,3,0,53.95,"2025-09-22 05:48:26",normal,3,4.67,3,8832.15,5223.10,"Basic Plan",expired
251,Yash,1,0,3.05,"2025-02-05 05:31:26",at_risk,1,10.00,1,3609.05,3609.05,"Basic Plan",expired
134,Yash,1,0,48.95,"2025-11-10 14:04:03",normal,1,7.00,1,3799.05,3799.05,"Basic Plan",active
494,Yash,1,0,13.88,"2025-02-01 17:29:26",at_risk,1,10.00,1,5399.10,5399.10,"Pro Plan",active
304,Yash,1,0,37.46,"2025-07-30 02:14:05",normal,1,4.00,1,3799.05,3799.05,"Basic Plan",active
466,Yash,1,0,56.09,"2025-08-04 12:45:33",normal,1,7.00,1,6174.05,0.00,"Basic Plan",active
384,Yash,1,0,70.62,"2025-10-26 12:37:25",normal,1,9.00,1,1599.20,1599.20,"Premium Plan",expired
436,Yash,1,0,82.25,"2025-12-11 23:32:59",high,1,10.00,1,2849.05,0.00,"Basic Plan",expired
254,Yash,1,0,36.02,"2025-07-14 07:35:36",normal,1,2.00,1,3599.20,3599.20,"Premium Plan",expired
431,Yash,1,0,30.95,"2025-10-24 12:26:18",normal,1,4.00,1,4559.05,4559.05,"Basic Plan",active
202,Yash,1,0,50.26,"2025-01-07 05:24:33",at_risk,1,2.00,1,3599.10,3599.10,"Pro Plan",expired
90,Yash,1,0,2.54,"2025-04-08 23:04:30",at_risk,1,10.00,1,4949.10,4949.10,"Pro Plan",expired
215,Yash,1,0,1.55,"2025-04-08 02:18:46",at_risk,1,1.00,1,1899.05,1899.05,"Basic Plan",expired
10,Yash,1,0,2.06,"2025-12-19 08:50:34",high,1,8.00,1,3039.20,0.00,"Premium Plan",expired
339,Yash,1,0,28.20,"2025-10-23 01:38:30",normal,1,8.00,1,4559.05,4559.05,"Basic Plan",active
